title,original_title,budget,original_language,homepage,overview,popularity,runtime,revenue,release_date,vote_average,vote_count,genres,spoken_languages,production_countries,web_url,snippet,source,keywords,pub_date,word_count,headline.main,headline.kicker,headline.content_kicker,headline.print_headline,headline.name,headline.seo,headline.sub,byline.original,byline.organization
The Attachment Diaries,El apego,0,es,,"Argentina, 1970s. A desperate young woman goes to a clinic to have a clandestine abortion. As her pregnancy is already through the fourth month, the doctor refuses. Instead, she proposes to sell the baby to one of her clients and offers to provide shelter in her house until the child is born. Their disturbed personalities will become intertwined in a strange and dangerous relationship.",2.959,102,0,2021-10-07,3.0,4,"Drama, Mystery, Thriller, Horror",['Spanish'],['Argentina'],https://www.nytimes.com/2023/05/25/movies/the-attachment-diaries-review.html,"A gynecologist and her patient form a horrifyingly twisted connection in this batty, bloody Argentine melodrama.",The New York Times,"subject: Movies;creative_works: The Attachment Diaries (Movie);persons: Diment, Valentin Javier;",2023-05-25T11:00:03+0000,295,"‘The Attachment Diaries’ Review: Love, Sick",,,The Attachment Diaries,,,,By Jeannette Catsoulis,
You Can Live Forever,You Can Live Forever,0,en,https://gooddeedentertainment.com/you-can-live-forever/,"When Jaime, a gay teenager, is sent to live in a community of Jehovah's Witnesses in small-town Quebec, she falls madly in love with a devout Witness girl. The two embark on an intense affair with consequences that will reshape the rest of their lives.",43.566,96,15055,2023-03-24,6.7,33,"Drama, Romance","['English', 'French']","['Canada', 'United States of America']",https://www.nytimes.com/2023/05/04/movies/you-can-live-forever-review.html,Religion comes between two girls falling in love in the 1990s in this sweet coming-of-age film bathed in grunge hues.,The New York Times,"subject: Movies;creative_works: You Can Live Forever (Movie);persons: Slutsky, Mark;persons: Watts, Sarah (Film Director);persons: ODriscoll, Anwen;persons: Laporte, June (Actor);",2023-05-04T11:00:08+0000,294,‘You Can Live Forever’ Review: Do You Love Me Now?,,,You Can Live Forever,,,,By Elisabeth Vincentelli,
The Lost Weekend: A Love Story,The Lost Weekend: A Love Story,0,en,https://thelostweekendmovie.com/,"May Pang lovingly recounts her life in rock & roll and the whirlwind 18 months spent as friend, lover, and confidante to one of the towering figures of popular culture, John Lennon, in this funny, touching, and vibrant portrait of first love.",2.879,95,77145,2023-04-13,6.0,2,Documentary,['English'],['United States of America'],https://www.nytimes.com/2023/04/13/movies/the-lost-weekend-a-love-story-review.html,"There’s not much Lennon music heard in this doc about his affair with May Pang, and given how much Pang trashes his wife, Yoko Ono, it’s no surprise it was withheld.",The New York Times,"subject: Documentary Films and Programs;creative_works: The Lost Weekend: A Love Story (Movie);persons: Pang, May;persons: Lennon, John;persons: Ono, Yoko;persons: Brandstein, Eve;persons: Kaufman, Richard S (Filmmaker);persons: Samuels, Stuart (Filmmaker);subject: Content Type: Personal Profile;subject: Pop and Rock Music;",2023-04-13T11:00:03+0000,327,‘The Lost Weekend: A Love Story’ Review: When John Lennon Strayed,,,The Lost Weekend:  A Love Story,,,,By Glenn Kenny,
Love in the Time of Fentanyl,Love in the Time of Fentanyl,0,en,,An intimate portrait of a community fighting to save lives and keep hope alive in a neighborhood ravaged by the overdose crisis.,1.595,85,0,2023-02-03,0.0,0,Documentary,['English'],"['Canada', 'United States of America']",https://www.nytimes.com/2023/02/02/movies/love-in-the-time-of-fentanyl-review.html,"To combat the overdose crisis, a group that includes former and current users open a safe consumption site where shooting up does not have to mean death.",The New York Times,"subject: Documentary Films and Programs;subject: Fentanyl;subject: Drug Abuse and Traffic;subject: Volunteers and Community Service;creative_works: Love in the Time of Fentanyl (Movie);persons: Askey, Colin;glocations: Vancouver (British Columbia);organizations: Overdose Prevention Society;",2023-02-02T12:00:11+0000,306,"‘Love in the Time of Fentanyl’ Review: Heartbreak, Death and Hope in Vancouver",,,Love in the Time Of Fentanyl,,,,By Concepción de León,
Alcarràs,Alcarràs,0,ca,https://www.alcarras-film.com/,"In a small village in Catalonia, the peach farmers of the Solé family spend every summer together picking fruit from their orchard. But when plans arise to install solar panels and cut down trees, the members of this tight-knit group suddenly face eviction – and the loss of far more than their home.",12.389,120,0,2022-04-29,6.867,173,Drama,['Catalan'],['Spain'],https://www.nytimes.com/2023/01/05/movies/alcarras-review.html,"In this naturalistic drama from Spain, a family confronts the impending loss of its generations-old farm.",The New York Times,"subject: Movies;persons: Simon, Carla;creative_works: Alcarras (Movie);",2023-01-05T12:00:03+0000,306,‘Alcarràs’ Review: Labor of Love,,,Alcarràs,,,,By Devika Girish,
Bones and All,Bones and All,18000000,it,https://www.bonesandallfilm.net/,"Abandoned by her father, a young woman embarks on a thousand-mile odyssey through the backroads of America where she meets a disenfranchised drifter. But despite their best efforts, all roads lead back to their terrifying pasts and to a final stand that will determine whether their love can survive their otherness.",24.573,131,15100000,2022-11-18,7.1,1209,"Drama, Horror, Romance",['English'],"['Italy', 'United States of America']",https://www.nytimes.com/2022/11/17/movies/bones-and-all-review.html,Luca Guadagnino’s latest stars Timothée Chalamet and Taylor Russell as young cannibals on the run.,The New York Times,"subject: Movies;creative_works: Bones and All (Movie);persons: Guadagnino, Luca;persons: Chalamet, Timothee (1995- );persons: Russell, Taylor (1994- );",2022-11-17T12:00:06+0000,710,‘Bones and All’ Review: You Eat What You Are,,,"It’s Eat, Prey, Love on a Journey of Self-Discovery",,,,By A.O. Scott,
My Policeman,My Policeman,0,en,https://www.amazon.com/dp/B09Y8SHDPD,"In the late 1990s, the arrival of elderly invalid Patrick into Marion and Tom’s home triggers the exploration of seismic events from 40 years previous: the passionate relationship between Tom and Patrick at a time when homosexuality was illegal.",21.521,113,0,2022-10-20,7.732,634,"Drama, Romance",['English'],"['United Kingdom', 'United States of America']",https://www.nytimes.com/2022/10/20/movies/my-policeman-review.html,"A schoolteacher, her police officer husband and his lover deny each other romantic satisfaction in this dismal melodrama.",The New York Times,"subject: Movies;creative_works: My Policeman (Movie);persons: Grandage, Michael;",2022-10-20T16:52:51+0000,303,"‘My Policeman’ Review: Two Love Affairs, Equally Tragic",,,My Policeman,,,,By Teo Bugbee,
Waiting for Bojangles,En attendant Bojangles,0,fr,,"A boy and his eccentric parents leave their home in Paris for a country house in Spain. As the mother descends deeper into her own mind, it's up to the boy and his father to keep her safe and happy.",12.673,124,0,2021-10-13,7.4,298,"Drama, Comedy, Romance","['English', 'French', 'Spanish']","['France', 'United States of America']",https://www.nytimes.com/2022/09/01/movies/waiting-for-bojangles-review-endless-love.html,"Set in Paris in the 1960s, the film tells the story of two irrepressible lovers, and their young son, whose tale turns tragic.",The New York Times,"subject: Movies;persons: Bourdeaut, Olivier;creative_works: Waiting for Bojangles (Movie);persons: Roinsard, Regis;",2022-09-01T11:00:06+0000,267,‘Waiting for Bojangles’ Review: Endless Love,,,Waiting for Bojangles,,,,By Calum Marsh,
Alone Together,Sami zajedno,0,sr,,"Returning home to Belgrade, under the strange circumstances, two strangers must share a hotel room for one night.",0.815,21,0,2021-08-10,0.0,0,Drama,['Serbian'],['Serbia'],https://www.nytimes.com/2022/07/21/movies/alone-together-review.html,"Katie Holmes writes, directs and stars in this minor-key rom-com set in 2020.",The New York Times,"subject: Movies;persons: Holmes, Katie;creative_works: Alone Together (Movie);",2022-07-21T15:37:18+0000,254,‘Alone Together’ Review: Finding Love in a Pandemic Retreat,,,Alone Together,,,,By Teo Bugbee,
Both Sides of the Blade,Avec amour et acharnement,0,fr,https://www.bothsidesoftheblade.com/,"Jean and Sara have been living together for 10 years. When they first met, Sara was living with François, Jean’s best friend and an admirer from back when he played rugby. Jean and Sara love each other. One day, Sara sees François in the street. He does not notice her, but she is overtaken by the sensation that her life could suddenly change. François gets back in touch with Jean. For the first time in years. He suggests they start working together again. From here on, things spiral out of control.",9.705,117,1747438,2022-07-08,5.494,78,"Drama, Romance",['French'],['France'],https://www.nytimes.com/2022/07/07/movies/both-sides-of-the-blade-review.html,"In the latest film from Claire Denis, Juliette Binoche plays a Parisian radio journalist in a romantic quandary.",The New York Times,"subject: Movies;persons: Denis, Claire;persons: Binoche, Juliette;persons: Lindon, Vincent;creative_works: Both Sides of the Blade (Movie);",2022-07-07T11:00:07+0000,649,‘Both Sides of the Blade’ Review: Who Do You Love?,,,A Bliss Doomed To Be Doused,,,,By A.O. Scott,
Stay Prayed Up,Stay Prayed Up,0,en,,"Lena Mae “Mother” Perry, the backbone of her community, cooks for crowds, tends to the needy, and boy, can she sing! After 50 years leading the dynamic, down-home gospel group The Branchettes, the octogenarian powerhouse, armed with her unwavering faith, shows no signs of slowing down. Taking us inside her loving community while following the recording of the group’s first album, this film is bursting with warmth, joy, and soul-stirring gospel music.",0.6,73,0,2021-09-01,0.0,0,Documentary,['English'],['United States of America'],https://www.nytimes.com/2022/06/16/movies/stay-prayed-up-review.html,"A new documentary about the gospel ensemble the Branchettes and its guiding light, Lena Mae Perry, is a plain-spoken tribute.",The New York Times,"subject: Documentary Films and Programs;subject: Gospel Music;creative_works: Stay Prayed Up (Movie);subject: Content Type: Personal Profile;persons: Perry, Lena Mae;organizations: Branchettes (Music Group);persons: Anderson, DL (Filmmaker);persons: Durning, Matthew;",2022-06-16T11:00:08+0000,330,‘Stay Prayed Up’ Review: Spreading the Gospel of Love,,,Stay Prayed Up,,,,By Glenn Kenny,
Anaïs in Love,Les Amours d’Anaïs,0,fr,,A young woman struggling to stay on top of everything in her life meets a married publisher and begins an affair with him.,8.375,98,41356,2021-09-15,6.2,136,"Drama, Romance, Comedy","['French', 'English']",['France'],https://www.nytimes.com/2022/04/28/movies/anais-in-love-review.html,"A restless woman discovers herself in a seductive French romance that throws out the usual dusty script about women, desire and pleasure.",The New York Times,"subject: Movies;persons: Bourgeois-Tacquet, Charline;creative_works: Anais in Love (Movie);",2022-04-28T16:18:57+0000,842,‘Anaïs in Love’ Review: Portrait of a Woman on the Run,Critic’s Pick,,Portrait of a Restless Heart,,,,By Manohla Dargis,
A Journal for Jordan,A Journal for Jordan,25000000,en,https://www.sonypictures.com/movies/ajournalforjordan,"Based on the true story of First Sergeant Charles Monroe King, a soldier deployed to Iraq begins to keep a journal of love and advice for his infant son. Back at home, senior New York Times editor Dana Canedy revisits the story of her unlikely, life-altering relationship with King and his enduring devotion to her and their child.",11.595,131,6700000,2021-12-22,7.0,104,"Drama, Romance",['English'],"['Canada', 'United States of America']",https://www.nytimes.com/2021/12/23/movies/a-journal-for-jordan-review.html,The actors Michael B. Jordan and Chanté Adams bring a compelling chemistry to the screen as opposites who fall for each other.,The New York Times,"subject: Movies;creative_works: A Journal for Jordan (Movie);persons: Washington, Denzel;persons: Jordan, Michael B;persons: Adams, Chante;subject: Books and Literature;creative_works: A Journal for Jordan: A Story of Love and Honor (Book);persons: Canedy, Dana;subject: Black People;subject: Blacks;",2021-12-23T18:54:12+0000,505,‘A Journal for Jordan’ Review: Reflections on Love Built and Lost,,,Reflections on Love That’s Built and Lost,,,,By Lisa Kennedy,
Hard Luck Love Song,Hard Luck Love Song,0,en,http://HardLuckLoveSong.com,"Jesse, a charismatic but down on his luck troubadour, finds himself at an existential crossroads as bad choices catch up with him during an unexpected reunion with Carla, an old flame.",4.509,104,0,2021-10-15,4.9,10,"Romance, Music, Drama, Thriller","['English', 'Spanish']",['United States of America'],https://www.nytimes.com/2021/10/14/movies/hard-luck-love-song-review.html,"Drawn from the plotline of a Todd Snider song, the film follows a pool shark and an escort, taking twists that are both violent and silly.",The New York Times,"subject: Movies;persons: Dorman, Michael (1981- );creative_works: Hard Luck Love Song (Movie);persons: Bush, Sophia (1982- );",2021-10-14T12:27:03+0000,320,‘Hard Luck Love Song’ Review: A Glossy Take on a Gritty Tune,,,Hard Luck Love Song,,,,By Glenn Kenny,
Wife of a Spy,スパイの妻,0,ja,https://intl.nikkatsu.com/sales/358.html,"It’s 1940, and the population of Japan is divided over its entry into World War II. Satoko, the wife of a fabric merchant, is devoted to her husband but is beginning to suspect he’s up to something. Soon she allows herself to be drawn into a game in which she enigmatically conceals her intentions.",10.952,114,0,2020-10-16,6.5,77,"Drama, War, Thriller","['English', 'Japanese']",['Japan'],https://www.nytimes.com/2021/09/16/movies/wife-of-a-spy-review-trust-or-fear-in-love-and-war.html,"In this latest work by Kiyoshi Kurosawa, a Japanese couple’s relationship is shaped by the forces of churning nationalism that surround it.",The New York Times,"subject: Movies;persons: Kurosawa, Kiyoshi;creative_works: Wife of a Spy (Movie);",2021-09-16T11:00:07+0000,448,‘Wife of a Spy’ Review: Trust or Fear in Love and War?,Critic’s Pick,,Marriage Amid Nationalism,,,,By Glenn Kenny,
Together,Together,0,en,,"According to Richard Standhope's will, both his daughter Laura and her long-lost twin brother Larry must be reunited by a certain date, or the estate will revert to her avaricious guardian, Andrew Brean. Following Standhope's death, Laura and her sweetheart, Jim Watson, read in her deceased mother's diary that Andrew had broken up the Standhopes' marriage soon after the twins' birth by unjustly accusing Mrs. Standhope of infidelity. Laura was then sent to boarding school, while little Larry, placed in his father's care, was neglected and later became a thief. As Laura and Jim ponder Larry's whereabouts, the house is robbed by none other than Larry, now called ""the Kid,"" and his cohort, ""the Snail.""",1.4,50,0,1918-10-14,1.0,1,"Comedy, Drama",['No Language'],['United States of America'],https://www.nytimes.com/2021/08/26/movies/together-review.html,Sharon Horgan and James McAvoy play a battling couple trapped in lockdown in this theatrical pandemic drama.,The New York Times,"subject: Movies;creative_works: Together (Movie);persons: Daldry, Stephen;persons: McAvoy, James;persons: Horgan, Sharon (1970- );",2021-08-26T11:00:06+0000,412,‘Together’ Review: Love and Loathing in London,,,Love and Loathing in a Blighted London,,,,By Jeannette Catsoulis,
"Casanova, Last Love",Dernier amour,0,fr,https://lesfilmsdufleuve.be/en/movies/dernier-amour,"Year 1763. Forced into exile, the famous libertine Giacomo Casanova leaves Paris and travels to London, where he meets Marianne de Charpillon, a young prostitute to whom he is so attracted that he forgets about the other women.",15.89,99,0,2019-03-20,4.7,34,"Drama, Romance","['English', 'French', 'German', 'Italian']","['Belgium', 'France', 'United States of America']",https://www.nytimes.com/2021/07/14/movies/casanova-last-love-review-reappraising-a-philanderer.html,Benoît Jacquot’s erotic costume drama envisions the Italian playboy as a weathered sad sack living in exile.,The New York Times,"subject: Movies;persons: Jacquot, Benoit;creative_works: Casanova, Last Love (Movie);",2021-07-14T22:12:43+0000,312,"‘Casanova, Last Love’ Review: Reappraising a Philanderer",,,"Casanova, Last Love",,,,By Beatrice Loayza,
Running Against the Wind,Correr Contra el Viento,0,es,,A young couple living with their little daughter are shaken to the core when a childhood friend is released from prison and wants the money he won from an old debt.,0.848,25,0,2017-11-23,0.0,0,"Drama, Thriller",['Spanish'],['Chile'],https://www.nytimes.com/2021/07/08/movies/running-against-the-wind-review.html,Two childhood best friends reunite in this unfocused yet uplifting sports drama by the filmmaker Jan Philipp Weyl.,The New York Times,"subject: Movies;creative_works: Running Against the Wind (Movie);persons: Weyl, Jan Philipp;",2021-07-08T11:00:05+0000,342,‘Running Against the Wind’ Review: Love and Friendship in Addis Ababa,,,Running Against the Wind,,,,By Beatrice Loayza,
Monday,マンデイ,0,ja,,"A simple funeral turns a man's world Topsy turvy. He wakes up in a posh hotel room, totally clueless about how he got there. Slowly, he recalls what happened a day before.",5.039,100,0,2000-04-29,6.9,56,"Comedy, Crime, Mystery, Thriller",['Japanese'],['Japan'],https://www.nytimes.com/2021/04/15/movies/monday-review.html,"Fiery physical contact keeps an expat couple together in Greece, and the sex scenes are enough for a half-dozen movies.",The New York Times,"subject: Movies;persons: Papadimitropoulos, Argyris;persons: Stan, Sebastian;persons: Gough, Denise (1980- );creative_works: Monday (Movie);",2021-04-15T11:00:08+0000,349,‘Monday’ Review: A Year of Love and Its Hangovers,,,Monday,,,,By Glenn Kenny,
To All the Boys: Always and Forever,To All the Boys: Always and Forever,0,en,https://www.netflix.com/title/81040397,Senior year of high school takes center stage as Lara Jean returns from a family trip to Korea and considers her college plans — with and without Peter.,32.337,115,0,2021-02-12,7.572,1839,"Romance, Comedy, Drama","['English', 'Korean']",['United States of America'],https://www.nytimes.com/2021/02/11/movies/to-all-the-boys-always-and-forever-review.html,"This final installment of the Netflix rom-com trilogy is earnest, bright-eyed and without a hint of cynicism.",The New York Times,"subject: Movies;persons: Condor, Lana;persons: Fimognari, Michael;persons: Centineo, Noah;creative_works: To All the Boys: Always and Forever (Movie);",2021-02-12T02:00:03+0000,482,‘To All the Boys: Always and Forever’ Review: Love Sweet Love,,,A Rom-Com Sequel That May Cause Cavities,,,,By Maya Phillips,
Two of Us,水魚之交,0,en,,"Sano and Miyata, two childhood friends, are on a trip together in a resort hotel facing the Pacific Ocean. Miyata is devoted to conspiracy theories and he tries to get Sano to believe this idea. But Sano doesn't believe it, and they fight. As Miyata's phone keeps ringing all day, Sano loses patience and takes the call. It was a phone call from Miyata's father, who was saying unintelligible things, probably from dementia. Sano hangs up the phone in confusion and tries to go home with Miyata.",0.84,20,0,2023-09-22,0.0,0,Drama,['Japanese'],"['France', 'Japan']",https://www.nytimes.com/2021/02/04/movies/two-of-us-review-thwarted-love.html,An older lesbian couple is met with unexpected devastation in this aching romantic drama by Filippo Meneghetti.,The New York Times,"subject: Movies;persons: Sukowa, Barbara;creative_works: Two of Us (Movie);persons: Meneghetti, Filippo;",2021-02-04T12:00:03+0000,313,‘Two of Us’ Review: Thwarted Love,,,Two of Us,,,,By Beatrice Loayza,
Your Name Engraved Herein,刻在你心底的名字,0,zh,,"In 1987, as martial law ends in Taiwan, Jia-han and Birdy fall in love amid family pressure, homophobia and social stigma.",25.729,114,0,2020-09-30,7.9,240,"Romance, Drama, Family","['Mandarin', 'English']","['Taiwan', 'United States of America']",https://www.nytimes.com/2020/12/24/movies/review-your-name-engraved-herein.html,The filmmaker Patrick Liu keeps the focus on the two young men in this Taiwanese drama and blurs the rest.,The New York Times,"subject: Movies;glocations: Taiwan;persons: Liu, Patrick (Filmmaker);creative_works: Your Name Engraved Herein (Movie);",2020-12-24T12:00:06+0000,295,‘Your Name Engraved Herein’ Review: When Love Is All You Can See,,,Your Name Engraved Herein,,,,By Teo Bugbee,
Museum Town,Museum Town,0,en,https://www.museumtownmovie.com/,A rural American town suffering economically from factory closures finds an unconventional route to recovery with the help of MASS MoCA.,2.142,75,0,2019-03-10,0.0,0,Documentary,['English'],['United States of America'],https://www.nytimes.com/2020/12/17/movies/museum-town-review.html,This documentary looks at how a contemporary art museum in Western Massachusetts transformed a struggling small town.,The New York Times,"subject: Documentary Films and Programs;subject: Art;creative_works: Museum Town (Movie);persons: Trainer, Jennifer;organizations: Massachusetts Museum of Contemporary Art;subject: Museums;glocations: North Adams (Mass);",2020-12-17T15:49:52+0000,280,‘Museum Town’ Review: A Love Letter to Mass MoCA,,,Museum Town,,,,By Lovia Gyarkye,
Wild Mountain Thyme,Wild Mountain Thyme,0,en,,"Headstrong farmer Rosemary Muldoon has her heart set on winning her neighbour Anthony Reilly's love. The problem is, Anthony seems to have inherited a family curse, and remains oblivious to his beautiful admirer. Stung by his father's plans to sell the family farm to his American nephew, Anthony is jolted into pursuing his dreams.",18.065,102,0,2020-12-11,5.165,158,"Romance, Drama",['English'],"['Ireland', 'United Kingdom']",https://www.nytimes.com/2020/12/10/movies/wild-mountain-thyme-review.html,John Patrick Shanley adapts his play “Outside Mullingar” into a movie. (Don’t worry about the accents.),The New York Times,"subject: Movies;persons: Shanley, John Patrick;persons: Blunt, Emily;persons: Dornan, Jamie;creative_works: Outside Mullingar (Play);creative_works: Wild Mountain Thyme (Movie);",2020-12-10T12:00:04+0000,341,‘Wild Mountain Thyme’ Review: Finding Love Down on the Farm,,,Wild Mountain Thyme,,,,By Glenn Kenny,
My Psychedelic Love Story,My Psychedelic Love Story,0,en,https://www.sho.com/titles/3497302/my-psychedelic-love-story,An examination of the notorious high priest of LSD Timothy Leary through the eyes of his famed lover Joanna Harcourt-Smith.,1.238,107,0,2020-10-22,6.3,7,Documentary,['English'],['United States of America'],https://www.nytimes.com/2020/11/26/movies/my-psychedelic-love-story-review.html,"This Errol Morris documentary explores the relationship between the LSD guru and Joanna Harcourt-Smith, a woman who likened herself to Mata Hari.",The New York Times,"subject: Documentary Films and Programs;creative_works: My Psychedelic Love Story (Movie);persons: Harcourt-Smith, Joanna (1946-2020);persons: Morris, Errol;subject: LSD (Lysergic Acid Diethylamide);subject: Content Type: Personal Profile;",2020-11-26T12:00:05+0000,599,‘My Psychedelic Love Story’ Review: On the Run With Timothy Leary,Critic’s Pick,,Acid and Romance: On the Run With Timothy Leary,,,,By Glenn Kenny,
69: The Saga of Danny Hernandez,69: The Saga of Danny Hernandez,0,en,https://www.hulu.com/movie/69-the-saga-of-danny-hernandez-345025ec-5022-4cca-a5f7-d3870fce96b3,"Part investigative documentary, part real-life gangster movie, this film unpacks the life of polarizing rap sensation and internet troll Tekashi69, aka 69, while chronicling his meteoric rise and fall from fame.",1.949,101,0,2021-04-29,6.0,12,"Music, Documentary",['English'],['United States of America'],https://www.nytimes.com/2020/11/17/movies/69-saga-of-danny-hernadez-review.html,The rise and fall of the provocative rapper Tekashi69 is chronicled in this Hulu documentary.,The New York Times,"subject: Documentary Films and Programs;subject: Rap and Hip-Hop;persons: Gandhi, Vikram;persons: 6ix9ine (Rapper);creative_works: 69: The Saga of Danny Hernandez (Movie);",2020-11-17T19:07:20+0000,363,‘69: The Saga of Danny Hernandez’ Review: A SoundCloud-Rap Rat,,,"Loved in Hip-Hop, but Loathed in the End",,,,By Calum Marsh,
Dick Johnson Is Dead,Dick Johnson Is Dead,0,en,https://www.netflix.com/title/80234465,"With this inventive portrait, director Kirsten Johnson seeks a way to keep her 86-year-old father alive forever. Utilizing moviemaking magic and her family’s dark humor, she celebrates Dr. Dick Johnson’s last years by staging fantasies of death and beyond. Together, dad and daughter confront the great inevitability awaiting us all.",7.403,89,0,2020-01-23,7.194,124,Documentary,['English'],['United States of America'],https://www.nytimes.com/2020/10/01/movies/dick-johnson-is-dead-review.html,"With the help of her father, the documentary filmmaker Kirsten Johnson made a surprising, endearing movie about his death.",The New York Times,"creative_works: Dick Johnson Is Dead (Movie);subject: Documentary Films and Programs;persons: Johnson, Kirsten (1965- );creative_works: Cameraperson (Movie);subject: Death and Dying;",2020-10-01T11:00:08+0000,816,"‘Dick Johnson Is Dead’ Review: A Father’s Painful, Funny Goodbye",Critic’s pick,,A Love Letter Delivered Along With a Death Notice,,,,By Manohla Dargis,
Babyteeth,Babyteeth,0,en,http://babyteeth.movie,A terminally ill teen upsets her parents when she falls in love with a small-time drug dealer.,15.26,118,989310,2020-06-15,6.847,323,"Drama, Comedy, Romance",['English'],['Australia'],https://www.nytimes.com/2020/06/18/movies/babyteeth-review.html,"Eliza Scanlen plays a seriously ill high schooler who falls for the wrong guy who turns out to have the right stuff, after all.",The New York Times,"subject: Movies;creative_works: Babyteeth (Movie);persons: Murphy, Shannon (Film Director);persons: Scanlen, Eliza;persons: Wallace, Toby (1996- );",2020-06-18T16:31:36+0000,517,"‘Babyteeth’ Review: Love Means Never Having, Well, You Know",,,"Love Means Never Having, Well, You Know",,,,By Manohla Dargis,
Spelling the Dream,Spelling the Dream,0,en,https://www.netflix.com/title/81069312,"Since 1999, 18 of the last 22 winners of the Scripps National Spelling Bee have been Indian-American, making the incredible trend one of the longest in sports history. “Breaking the Bee” is a feature-length documentary that explores and celebrates this new dynasty while following four students, ages 7 to 14, as they vie for the title of spelling bee champion.",2.084,82,0,2020-06-03,7.0,12,Documentary,['English'],['United States of America'],https://www.nytimes.com/2020/06/03/movies/spelling-the-dream-review.html,"This Netflix documentary explores the unbroken Indian-American dominance of the U.S. national spelling bee, to less than winning results.",The New York Times,"subject: Documentary Films and Programs;subject: Scripps National Spelling Bee;persons: Rega, Sam;creative_works: Spelling the Dream (Movie);subject: Spelling;organizations: Netflix Inc;",2020-06-03T12:44:10+0000,296,‘Spelling the Dream’ Review: Words of Inspiration,,,Love of Language Spells Success,,,,By Bilal Qureshi,
Love Wedding Repeat,Love Wedding Repeat,0,en,https://www.netflix.com/title/80227754,"While trying to make his sister's wedding day go smoothly, Jack finds himself juggling an angry ex-girlfriend, an uninvited guest with a secret, a misplaced sleep sedative, and the girl that got away in alternate versions of the same day.",13.252,100,0,2020-04-10,5.6,683,"Comedy, Romance","['English', 'Italian']","['United Kingdom', 'Italy']",https://www.nytimes.com/2020/04/10/movies/love-wedding-repeat-review-a-tumble-down-the-aisle.html,A couple’s reception becomes a disaster (or does it?) in this comedy of multiple errors.,The New York Times,"subject: Movies;creative_works: Love Wedding Repeat (Movie);persons: Craig, Dean (1974- );persons: Claflin, Sam;persons: Munn, Olivia;",2020-04-10T07:01:05+0000,414,‘Love Wedding Repeat’ Review: A Tumble Down the Aisle,Movie Review,,Pratfalling Down The Aisle,,,,By Amy Nicholson,
Hope Gap,Hope Gap,0,en,https://www.originpictures.co.uk/hope-gap,"Grace lives an idyllic life in a British seaside town, but her world soon comes crashing down when her husband of 29 years tells her he's leaving her for another woman. Through stages of shock, disbelief and anger -- and with support from her son -- Grace ultimately regains her footing while learning it's never too late to be happy.",17.754,100,1136167,2019-10-03,6.3,120,Drama,['English'],['United Kingdom'],https://www.nytimes.com/2020/03/05/movies/hope-gap-review-a-thin-line-between-love-and-war.html,Annette Bening and Bill Nighy play a couple that has lost its way after 29 years of marriage.,The New York Times,"subject: Movies;persons: Bening, Annette;persons: Nighy, Bill;persons: Nicholson, William (1948- );creative_works: Hope Gap (Movie);",2020-03-05T12:00:03+0000,257,‘Hope Gap’ Review: A Thin Line Between Love and War,,,Hope Gap,,,,By Aisha Harris,
All the Bright Places,All the Bright Places,0,en,https://www.netflix.com/title/80208802,Two teens facing personal struggles form a powerful bond as they embark on a cathartic journey chronicling the wonders of Indiana.,28.777,108,0,2020-02-28,7.7,2781,"Romance, Drama",['English'],['United States of America'],https://www.nytimes.com/2020/02/28/movies/all-the-bright-places-review.html,Elle Fanning and Justice Smith breathe life into a film about mental illness and the healing power of love.,The New York Times,"subject: Movies;creative_works: All the Bright Places (Movie);persons: Haley, Brett;persons: Fanning, Elle;persons: Smith, Justice (1995- );organizations: Netflix Inc;",2020-02-28T08:01:07+0000,233,‘All the Bright Places’ Review: Love Amid Trauma,Streaming Movie Review,,A Refreshing Exploration of Mental Illness,,,,By Candice Frederick,
To All the Boys: P.S. I Still Love You,To All the Boys: P.S. I Still Love You,0,en,https://www.netflix.com/title/81030842,Lara Jean and Peter have just taken their romance from pretend to officially real when another recipient of one of her love letters enters the picture.,30.788,102,0,2020-02-03,6.849,2470,"Romance, Comedy",['English'],['United States of America'],https://www.nytimes.com/2020/02/11/movies/to-all-the-boys-ps-i-still-love-you-review.html,The second installment in Netflix’s ’80s-style teen romance trilogy asks the question John Hughes left unanswered.,The New York Times,"subject: Movies;persons: Condor, Lana;persons: Centineo, Noah;creative_works: To All the Boys: PS I Still Love You (Movie);persons: Fimognari, Michael;",2020-02-11T18:33:41+0000,654,"‘To All the Boys: P.S. I Still Love You’ Review: Bliss, for Now",Streaming Movie Review,,"Follow Your Bliss While It Lasts, Kids",,,,By Amy Nicholson,
The Woman Who Loves Giraffes,The Woman Who Loves Giraffes,0,en,,"Dr. Anne Innis Dagg re-traces the steps of her groundbreaking 1956 journey to South Africa to study giraffes in the wild. Now, at 85 years old, Anne sees a startling contrast between the world of giraffes she once knew and the one it has become. Weaving through the past and present, her harrowing journey gives us an intimate look into the factors that destroyed her career and the forces that brought her back.",5.071,81,0,2018-10-03,6.6,15,Documentary,[],"['Canada', 'South Africa', 'United States of America']",https://www.nytimes.com/2020/01/09/movies/the-woman-who-loves-giraffes-review.html,"This warm documentary uses one woman’s singular passion to fuel a tale of zoological discovery, blatant sexism and environmental alarm.",The New York Times,"subject: Documentary Films and Programs;subject: Giraffes;creative_works: The Woman Who Loves Giraffes (Movie);persons: Dagg, Anne Innis;persons: Reid, Alison (Filmmaker);",2020-01-09T12:00:04+0000,279,‘The Woman Who Loves Giraffes’ Review: Crackers for Animals,,,A Special Spot  In Her Heart,,,,By Jeannette Catsoulis,
First Love,First Love,0,tl,https://www.ten17p.com/films/first-love/,"In what appears to be a serendipitous encounter upon saving the life of a stranger, the calculated and reserved businessman Nick meets the impulsive and optimistic photographer Ali, who believes in destiny and carpe diem, or seizing the day. Nick, who seeks closure for his past mistakes, is drawn towards Ali's spirit and vigor. Despite living with a congenital heart disease and being on the wait-list for a heart transplant, Ali continues to be hopeful about her future. Ali challenges Nick to seize every moment of his life before it's too late. Meanwhile, Nick finds a way to give Ali a new lease on life - even if it means risking one's life and their love for each other.",3.422,122,0,2018-10-17,5.8,6,"Romance, Drama","['English', 'Tagalog']",['Philippines'],https://www.nytimes.com/2019/09/26/movies/first-love-review.html,The prolific director Takashi Miike delivers an unusually satisfying Japanese genre romp.,The New York Times,"subject: Movies;persons: Miike, Takashi;creative_works: First Love (Movie);",2019-09-26T11:00:06+0000,398,‘First Love’ Review: Eluding Assassins With the Help of a Boxer,Critic’s Pick,,"Assassin Variations, by Way of Japan",,,,By Glenn Kenny,
Falling Inn Love,Falling Inn Love,0,en,https://www.netflix.com/title/80999781,"When a San Francisco exec wins a New Zealand inn, she ditches city life to remodel and flip the rustic property with help from a handsome contractor.",16.015,98,0,2019-08-29,6.523,1121,"Romance, Comedy",['English'],['United States of America'],https://www.nytimes.com/2019/08/29/movies/falling-inn-love-review.html,"It’s hard to find a reliable, talented, reasonably priced, eco-friendly contractor these days.",The New York Times,"subject: Movies;organizations: Netflix Inc;persons: Kumble, Roger;persons: Milian, Christina;persons: Demos, Adam;creative_works: Falling Inn Love (Movie);",2019-08-29T14:56:44+0000,374,‘Falling Inn Love’ Review: A Prize That Needs Some Work,Streaming Movie Review,,A Fine Romance to Watch While Sorting Socks,,,,By Helen T. Verongos,
"Love, Antosha","Love, Antosha",0,en,https://antonyelchindoc.com/,"From a prolific career in film and television, Anton Yelchin left an indelible legacy as an actor. Through his journals and other writings, his photography, the original music he wrote, and interviews with his family, friends, and colleagues, this film looks not just at Anton's impressive career, but at a broader portrait of the man.",11.348,92,0,2019-08-02,7.2,50,Documentary,"['English', 'Russian']",['United States of America'],https://www.nytimes.com/2019/08/08/movies/love-anthosa-review.html,"Anton Yelchin, who played Chekov in the J.J. Abrams-produced “Star Trek” films, assembled an eclectic filmography before his death at 27 in 2016.",The New York Times,"subject: Documentary Films and Programs;creative_works: Love, Antosha (Movie);persons: Price, Garret;persons: Yelchin, Anton;",2019-08-08T09:00:10+0000,319,"‘Love, Antosha’ Review: A Heartbreaking Look at an Actor’s Too-Short Life",Critic’s Pick,,"Love, Antosha",,,,By Glenn Kenny,
Asako I & II,寝ても覚めても,0,ja,http://www.netemosametemo.jp/,"College student Asako falls in love at first sight with Baku after meeting at a photography exhibit. Romance sparks between the two but doesn't last long when Baku suddenly disappears from her life. Two years later, she spots a man that bears a striking resemblance to him. Even though it is only his physical similarities to Baku that attracted her to him, she doesn't say so and starts dating the soft-spoken young man called Ryohei.",16.271,119,0,2018-09-01,6.815,162,"Drama, Romance","['Japanese', 'English']",['Japan'],https://www.nytimes.com/2019/05/16/movies/asako-i-and-ii-review.html,The Japanese director Ryusuke Hamaguchi follows up his marathon “Happy Hour” with a story of love among young urbanites.,The New York Times,"subject: Movies;creative_works: Asako I & II (Movie);persons: Hamaguchi, Ryusuke;",2019-05-16T11:00:01+0000,547,‘Asako I & II’ Review: Double the Love (and the Heartbreak),Critic’s Pick,,Falling For a Drifter And His Lookalike,,,,By Glenn Kenny,
The Sun Is Also a Star,The Sun Is Also a Star,9000000,en,https://www.thesunisalsoastarmovie.com,"Two young New Yorkers begin to fall in love over the course of a single day, as a series of potentially life-altering meetings loom over their heads - hers concerning her family’s deportation to Jamaica, and his concerning an education at Dartmouth.",11.036,100,6800000,2019-05-16,7.0,567,"Romance, Drama",['English'],['United States of America'],https://www.nytimes.com/2019/05/15/movies/the-sun-is-also-a-star-review.html,"Yara Shahidi and Charles Melton play teenagers falling in love on a hectic, sunny day in New York.",The New York Times,"subject: Movies;creative_works: The Sun Is Also a Star (Movie);persons: Russo-Young, Ry;persons: Shahidi, Yara (2000- );persons: Yoon, Nicola (Author);persons: Melton, Charles (1991- );",2019-05-15T16:01:27+0000,697,"‘The Sun Is Also a Star’ Review: A Charming, if Generic, Adolescent Love Story",,,A Beautiful Day for Young Hearts,,,,By A.O. Scott,
Rafiki,Bestevenner,0,no,,"Three friends - Julie, Mette and Naisha - are enjoying the first snow in the village. They have snowball fights with the boys and look forward to Christmas. One day Naisha suddenly disappears. With a secret address written in invisible ink as their only clue, they sneak onto the night train to the city. They need to find Naisha before the police do.",6.744,75,0,2009-10-28,5.7,3,"Family, Drama",['Norwegian'],['Norway'],https://www.nytimes.com/2019/04/18/movies/rafiki-review.html,The story of a romance between two Kenyan women was shown at Cannes after being banned in Kenya.,The New York Times,"subject: Movies;persons: Kahiu, Wanuri;creative_works: Rafiki (Movie);persons: Mugatsia, Samantha;persons: Munyiva, Sheila;",2019-04-18T11:00:06+0000,251,"‘Rafiki’ Review: Falling in Love, Illegally",,,Rafiki,,,,By Ben Kenigsberg,
Five Feet Apart,Five Feet Apart,7000000,en,,"Seventeen-year-old Stella spends most of her time in the hospital as a cystic fibrosis patient. Her life is full of routines, boundaries and self-control — all of which get put to the test when she meets Will, an impossibly charming teen who has the same illness. There's an instant flirtation, though restrictions dictate that they must maintain a safe distance between them. As their connection intensifies, so does the temptation to throw the rules out the window and embrace that attraction.",51.404,116,92600000,2019-03-14,8.27,5412,"Romance, Drama","['Spanish', 'English', 'French']",['United States of America'],https://www.nytimes.com/2019/03/14/movies/five-feet-apart-review.html,Haley Lu Richardson and Cole Sprouse navigate the rules of attraction and of a hospital in this film about living with cystic fibrosis.,The New York Times,"subject: Movies;creative_works: Five Feet Apart (Movie);persons: Baldoni, Justin;",2019-03-14T13:00:07+0000,258,‘Five Feet Apart’ Review: Ailing Teenagers Live Dangerously for Love,,,Five Feet Apart,,,,By Ben Kenigsberg,
Ash Is Purest White,江湖儿女,0,zh,,"Set in China's underworld, this tale of love and betrayal follows a dancer who fired a gun to protect her mobster boyfriend during a fight. On release from prison 5 years later, she sets out to find him.",10.636,141,0,2018-09-21,6.8,292,"Crime, Romance, Drama",['Mandarin'],"['France', 'Japan', 'China']",https://www.nytimes.com/2019/03/13/movies/ash-is-purest-white-review.html,"In Jia Zhangke’s enthralling new feature, Zhao Tao and Liao Fan portray an underworld power couple at the mercy of time and fate.",The New York Times,subject: Movies;persons: Jia Zhang Ke;persons: Liao Fan (1974- );persons: Zhao Tao (1977- );creative_works: Ash Is Purest White (Movie);,2019-03-13T15:44:46+0000,911,‘Ash Is Purest White’ Review: Love Smolders and Crime Pays in a Changing China,Critic’s Pick,,"Gangsters’ Paradise Lost, in China",,,,By A.O. Scott,
Gloria Bell,Gloria Bell,0,en,https://a24films.com/films/gloria-bell,"Gloria is a free-spirited divorcée who spends her days at a straight-laced office job and her nights on the dance floor, joyfully letting loose at clubs around Los Angeles. After meeting Arnold on a night out, she finds herself thrust into an unexpected new romance, filled with both the joys of budding love and the complications of dating, identity, and family.",26.044,102,11145006,2019-03-07,5.9,303,"Drama, Romance",['English'],"['Chile', 'United States of America']",https://www.nytimes.com/2019/03/07/movies/gloria-bell-review.html,The Chilean writer-director Sebastián Lelio finds a perfect partner in Moore for this fantastic remake of his 2013 movie “Gloria.”,The New York Times,"subject: Movies;creative_works: Gloria Bell (Movie);persons: Moore, Julianne;persons: Turturro, John;persons: Lelio, Sebastian;",2019-03-07T18:49:47+0000,991,‘Gloria Bell’ Review: Love Is in the Air for a Transcendent Julianne Moore,Critic’s Pick,,"Love, and Some Laughter, Is in the Air",,,,By Manohla Dargis,
How to Train Your Dragon: The Hidden World,How to Train Your Dragon: The Hidden World,129000000,en,https://www.howtotrainyourdragon.com/,"As Hiccup fulfills his dream of creating a peaceful dragon utopia, Toothless’ discovery of an untamed, elusive mate draws the Night Fury away. When danger mounts at home and Hiccup’s reign as village chief is tested, both dragon and rider must make impossible decisions to save their kind.",81.358,104,524580592,2019-01-03,7.751,6084,"Animation, Family, Adventure",['English'],['United States of America'],https://www.nytimes.com/2019/02/20/movies/how-to-train-your-dragon-hidden-world-review.html,The third in this franchise concerns the exigencies that poor Hiccup must face as the leader of Berk.,The New York Times,"subject: Movies;persons: DeBlois, Dean;persons: Baruchel, Jay;persons: Abraham, F Murray;persons: Ferrera, America;creative_works: How to Train Your Dragon: The Hidden World (Movie);",2019-02-21T00:02:36+0000,531,‘How to Train Your Dragon: The Hidden World’ Review: A Series Scales Up,,,Love Takes Wing Amid Trouble in Utopia,,,,By Ben Kenigsberg,
Sorry Angel,"Plaire, aimer et courir vite",0,fr,,Jacques is a writer living in Paris. He hasn't turned 40 but already mistrusts that the best in life is yet to come. Arthur is a student living in Brittany. He reads and smiles a lot and refuses to think that everything in life might not be possible. Jacques and Arthur will like each other. Just like in a lovely dream. Just like in a sad story.,19.15,132,1631910,2018-05-09,6.8,211,"Comedy, Drama, Romance","['French', 'Spanish']",['France'],https://www.nytimes.com/2019/02/12/movies/sorry-angel-review.html,"Set in early 1990s Paris, Christophe Honoré’s new film presents us with a middle-aged, H.I.V.-stricken writer falling, wearily, for a bookish 20-something.",The New York Times,"subject: Movies;creative_works: Sorry Angel (Movie);persons: Honore, Christophe;",2019-02-12T21:46:52+0000,491,"‘Sorry Angel’ Review: A Love Affair Two Men Start, Knowing the End",Critic’s Pick,,Attraction: That’s the Easy Part,,,,By Glenn Kenny,
"Berlin, I Love You","Berlin, I Love You",0,en,,An anthology feature of 10 stories of romance set in the German capital.,13.372,120,160000,2019-02-08,4.7,78,Drama,"['English', 'German']","['Germany', 'United States of America']",https://www.nytimes.com/2019/02/07/movies/berlin-i-love-you-review.html,"The once-divided nature of Berlin isn’t given much consideration in this film, part of the Cities of Love series.",The New York Times,"subject: Movies;creative_works: Berlin, I Love You (Movie);persons: Agron, Dianna;persons: Knightley, Keira;persons: Luna, Diego;persons: Mirren, Helen;persons: Rourke, Mickey;persons: Wilson, Luke;",2019-02-07T12:00:01+0000,227,"‘Berlin, I Love You’ Review: Many Stories, Not Much Feeling",,,"Berlin, I Love You",,,,By Glenn Kenny,
If Beale Street Could Talk,If Beale Street Could Talk,12000000,en,http://www.bealestreet.movie,"After her fiance is falsely imprisoned, a pregnant African-American woman sets out to clear his name and prove his innocence.",20.042,120,20572691,2018-12-14,6.945,1084,"Romance, Drama",['English'],['United States of America'],https://www.nytimes.com/2018/12/12/movies/if-beale-street-could-talk-review.html,"The couple in this adaptation of James Baldwin’s novel are loving while black, an existential truth that is turned into a nightmare.",The New York Times,"subject: Movies;creative_works: If Beale Street Could Talk (Movie);persons: Jenkins, Barry;persons: Baldwin, James (1924-87);persons: James, Stephan (1993- );persons: Layne, KiKi;persons: Wittrock, Finn;",2018-12-12T21:30:02+0000,1057,‘If Beale Street Could Talk’ Review: Trusting Love in a World Ruled by Hate,Critic’s Pick,,Love Is Forced to Live in a Nightmare,,,,By Manohla Dargis,
Sicilian Ghost Story,Sicilian Ghost Story,0,it,,"In a little Sicilian village at the edge of a forest, Giuseppe, a boy of 13, vanishes. Luna, his classmate who loves him, refuses to accept his mysterious disappearance. She rebels against the silence and complicity that surround her, and to find him she descends into the dark world which has swallowed him up and which has a lake as its mysterious entrance.",6.236,122,0,2017-11-18,6.6,137,"Mystery, Drama, Fantasy",['Italian'],"['France', 'Italy', 'Switzerland']",https://www.nytimes.com/2018/11/29/movies/sicilian-ghost-story-review.html,"Flipping from bucolic to brutal with distressing ease, this beautifully realized movie views a Mafia kidnapping through the prism of first love.",The New York Times,"subject: Movies;creative_works: Sicilian Ghost Story (Movie);persons: Grassadonia, Fabio;persons: Piazza, Antonio;",2018-11-29T12:00:06+0000,258,‘Sicilian Ghost Story’ Review: Fairy-Tale Love Meets Real-Life Crime,Critic’s Pick,,Love in an Enchanted Forest Turns Eerie,,,,By Jeannette Catsoulis,
How to Talk to Girls at Parties,How to Talk to Girls at Parties,0,en,https://a24films.com/films/how-to-talk-to-girls-at-parties,"In 1970s London, a teenage outsider named Enn falls in love with a rebellious alien girl named Zan, who has come to Earth for a party. Together, they navigate the complexities of intergalactic culture and the trials of first love.",15.56,103,0,2017-10-06,6.01,363,"Comedy, Music, Romance, Science Fiction",['English'],"['United Kingdom', 'United States of America']",https://www.nytimes.com/2018/05/24/movies/how-to-talk-to-girls-at-parties-review.html,John Cameron Mitchell’s loony romantic comedy encourages young love to bloom in the soil of an alien visitation.,The New York Times,"subject: Movies;creative_works: How to Talk to Girls at Parties (Movie);persons: Mitchell, John Cameron;persons: Fanning, Elle;persons: Sharp, Alexander;",2018-05-24T11:00:01+0000,458,Review: An Alien Teaches a Teenage Punk ‘How to Talk to Girls at Parties’,,,Otherworldly Love in a Punk-Rock World,,,,By Jeannette Catsoulis,
Godard Mon Amour,Le Redoutable,12840746,fr,,"In 1967, during the making of “La Chinoise,” film director Jean-Luc Godard falls in love with 19-year-old actress Anne Wiazemsky and marries her.",17.935,108,82264,2017-06-24,6.7,338,"Drama, Romance, Comedy","['Czech', 'French', 'English', 'Italian']","['Myanmar', 'France']",https://www.nytimes.com/2018/04/18/movies/godard-mon-amour-review.html,A portrait of a filmmaker in crisis that might have worked better as a comedy sketch.,The New York Times,"subject: Movies;creative_works: Godard Mon Amour (Movie);persons: Hazanavicius, Michel;persons: Godard, Jean-Luc;persons: Wiazemsky, Anne;persons: Garrel, Louis;",2018-04-18T23:02:46+0000,937,"Review: If You Love Godard, You’ll Hate-Watch ‘Godard Mon Amour’",,,"A Portrait and, for Some, a Hate-Watch",,,,By A.O. Scott,
The Party,La Boum,0,fr,,"A thirteen-year-old French girl deals with moving to a new city and school in Paris, while at the same time her parents are getting a divorce.",22.135,110,0,1980-12-17,6.6,1078,"Drama, Romance, Comedy",['French'],['France'],https://www.nytimes.com/2018/02/15/movies/the-party-review-timothy-spall-kristin-scott-thomas.html,Sally Potter directs a very fine cast in a would-be comedy about a calamitously bad evening.,The New York Times,"subject: Movies;creative_works: The Party (Movie);persons: Potter, Sally;persons: Spall, Timothy;persons: Scott Thomas, Kristin;",2018-02-15T12:00:25+0000,598,Review: A London Night Goes Wrong in ‘The Party’,,,"  Invite Company. Because After All, Misery Loves It.",,,,By Manohla Dargis,
In Search of Fellini,In Search of Fellini,0,en,,"Lucy, a small-town girl from Ohio, discovers the delightfully bizarre films of legendary filmmaker Federico Fellini and sets off on a journey across Italy to find him.",8.13,93,0,2017-09-15,5.8,40,"Drama, Adventure",['English'],[],https://www.nytimes.com/2017/09/14/movies/in-search-of-fellini-review.html,A sheltered young woman enamored of the films of the famous director sets off to Italy to meet him.,The New York Times,"subject: Movies;creative_works: In Search of Fellini (Movie);persons: Cartwright, Nancy;persons: Solo, Ksenia;persons: Lexton, Taron;",2017-09-14T11:00:24+0000,272,Review: Love of Il Maestro Drives ‘In Search of Fellini’,,,In Search of Fellini,,,,By Monica Castillo,
